traj_cluster_ra,low,high,risk_diff,risk_ratio
1,0.33879496734691994,0.3425917806652457,0.0037968133183257646,1.0112068173505007
2,0.24008535411573476,0.28191918090079027,0.04183382678505551,1.1742456425096603
3,0.511154332373877,0.5265592557127534,0.015404923338876442,1.0301375188728885
4,0.1465048149039477,0.14902370510179372,0.002518890197846013,1.0171932246697657
5,0.09954716600529777,0.10060119270307825,0.0010540266977804857,1.010588214010275
