exposure,beta_total,beta_direct,beta_indirect_approx,pct_mediated_approx
NO2_5y_z,-0.024990291773912793,0.037651672753401914,-0.06264196452731471,2.506651986861004
