traj_cluster_ra,low,high,risk_diff,risk_ratio
1,0.07874970905364802,0.07088564427084702,-0.007864064782800995,0.9001384909569174
2,0.28174830881626056,0.20484768221210176,-0.0769006266041588,0.7270591368329781
3,0.3784429610689684,0.4201870694091978,0.0417441083402294,1.110304887749311
4,0.36995485399582706,0.350743360469469,-0.019211493526358037,0.9480707083070878
5,0.12072515708485765,0.13253634102468684,0.01181118393982919,1.097835316391654
