traj_cluster_ra,low,high,risk_diff,risk_ratio
1,0.08736240773052349,0.06214083875604682,-0.025221568974476673,0.711299520815925
2,0.21323147394610434,0.2702727799981258,0.057041306052021484,1.267508848465959
3,0.39944320697032737,0.3947788983221937,-0.004664308648133664,0.9883229741631827
4,0.3333334759855104,0.3886740182296393,0.05534054224412893,1.1660215556823776
5,0.1362973691548041,0.11641969794540326,-0.01987767120940083,0.8541595385687589
