exposure,beta_total,beta_direct,beta_indirect_approx,pct_mediated_approx
NO2_5y_z,-0.06028227561784401,7.040518224279105e-4,-0.060986327440271916,1.0116792509110175
