traj_cluster_ra,low,high,risk_diff,risk_ratio
1,0.06412709250775125,0.09577536776280197,0.03164827525505072,1.4935242503193995
2,0.18265991116415886,0.14708069589179767,-0.035579215272361187,0.8052160704250771
3,0.2915760989620444,0.318000287069948,0.02642418810790359,1.0906253571605105
4,0.4807433425158482,0.37795316919416655,-0.10279017332168167,0.7861849260693754
