exposure,beta_total,beta_direct,beta_indirect_approx,pct_mediated_approx
NO2_5y_z,-0.05518586962814046,-0.04617949411201492,-0.009006375516125542,0.16320075368592177
