exposure,beta_total,beta_direct,beta_indirect_approx,pct_mediated_approx
NO2_5y_z,-0.05518586962814046,-0.04617949411141378,-0.00900637551672668,0.16320075369681472
