traj_cluster_ra,low,high,risk_diff,risk_ratio
1,0.10882187432465189,0.10590175458837735,-0.00292011973627454,0.9731660591733344
2,0.4607440792962674,0.5445084588395804,0.08376437954331306,1.181802400307028
3,0.05816992149599266,0.06720830267170871,0.009038381175716051,1.155378947457213
4,0.3719761444358478,0.4134550336294541,0.041478889193606316,1.111509541173708
5,0.28325683635595394,0.3342815172890755,0.05102468093312157,1.1801357439048763
