traj_cluster_ra,low,high,risk_diff,risk_ratio
1,0.1137538481126898,0.10222372467255973,-0.011530123440130075,0.8986397064237528
2,0.4392557460890625,0.5651776998994751,0.1259219538104126,1.2866711589582278
3,0.06123372284135287,0.06493236263026642,0.003698639788913549,1.060402007542415
4,0.36361680850444306,0.42271550584774764,0.059098697343304585,1.1625301580154606
5,0.2702090636462848,0.3491291318959459,0.07892006824966113,1.2920703961025188
