exposure,beta_total,beta_direct,beta_indirect_approx,pct_mediated_approx
NO2_5y_z,0.20896810479739625,0.07313297369113535,0.1358351311062609,0.6500280568556576
