exposure,beta_total,beta_direct,beta_indirect_approx,pct_mediated_approx
NO2_5y_z,0.20896810479739625,0.0731329736911118,0.13583513110628445,0.6500280568557703
