traj_cluster_ra,low,high,risk_diff,risk_ratio
1,0.03845132796962088,0.018970607221842788,-0.01948072074777809,0.49336676321896705
2,0.10392994075730748,0.11328439844714959,0.00935445768984211,1.0900073416926719
3,0.2915687361980374,0.23933319824724678,-0.05223553795079064,0.8208465741837576
4,0.3789645049744365,0.7417640455253848,0.36279954055094826,1.9573443839428215
