traj_cluster_ra,low,high,risk_diff,risk_ratio
1,0.020028926345907715,0.02939972703993931,0.009370800694031595,1.4678633558381537
2,0.09414258266651467,0.09949555894578811,0.005352976279273447,1.0568603083498944
3,0.4316299179487035,0.1771756763477018,-0.2544542416010017,0.4104805273687215
4,0.43511183519807484,0.6816965500769921,0.2465847148789173,1.5667157152061038
