exposure,beta_total,beta_direct,beta_indirect_approx,pct_mediated_approx
NO2_5y_z,0.09452060437218258,0.056782368281066704,0.03773823609111588,0.39925936087457187
