exposure,beta_total,beta_direct,beta_indirect_approx,pct_mediated_approx
NO2_5y_z,0.09452060437218258,0.05678236828106945,0.03773823609111313,0.3992593608745428
