traj_cluster_ra,low,high,risk_diff,risk_ratio
1,0.05089107240188172,0.08270986825788977,0.03181879585600805,1.625233353401127
2,0.1261523367558213,0.2042785134756675,0.0781261767198462,1.6193002740097169
3,0.44492066919697265,0.47879444017255207,0.03387377097557942,1.0761344062453144
4,0.47454217985416186,0.5080312707019248,0.033489090847762915,1.0705713680879851
