traj_cluster_ra,low,high,risk_diff,risk_ratio
1,0.06947583913170292,0.061159389097895756,-0.008316450033807168,0.88029723515765
2,0.17395859497703167,0.15090529586690238,-0.023053299110129294,0.8674782403641907
3,0.5235413539965122,0.40362731232001353,-0.11991404167649872,0.7709559316353497
4,0.5321117346532642,0.45272295881638136,-0.07938877583688286,0.8508043129539056
