exposure,beta_total,beta_direct,beta_indirect_approx,pct_mediated_approx
NO2_5y_z,0.12580304385619387,0.21962015584301398,-0.0938171119868201,-0.7457459621888239
