exposure,beta_total,beta_direct,beta_indirect_approx,pct_mediated_approx
NO2_5y_z,0.12580304385619387,0.219620155842932,-0.09381711198673814,-0.7457459621881724
