traj_cluster_ra,low,high,risk_diff,risk_ratio
1,0.0649929391325391,0.047100742759319796,-0.01789219637321931,0.7247055355239124
2,0.1602277507279749,0.12246683549884418,-0.03776091522913072,0.7643297427719687
3,0.4385916657375266,0.46794736676767945,0.029355701030152836,1.0669317347396214
4,0.27374700844286426,0.48313895636934123,0.20939194792647697,1.7649104518714063
