exposure,beta_total,beta_direct,beta_indirect_approx,pct_mediated_approx
NO2_5y_z,0.14029491534365332,0.1423083721774756,-0.002013456833822286,-0.014351602329209937
