exposure,beta_total,beta_direct,beta_indirect_approx,pct_mediated_approx
NO2_5y_z,0.14029491534365332,0.1423083721770371,-0.0020134568333837755,-0.014351602326084303
