traj_cluster_ra,low,high,risk_diff,risk_ratio
1,0.15256816613924012,0.13253631820405065,-0.020031847935189473,0.8687023089934268
2,0.4309022908290071,0.4128348405863069,-0.018067450242700234,0.9580706563245683
3,0.5116235286756439,0.5022347422697503,-0.009388786405893579,0.9816490331666395
4,0.08102422904615608,0.09398708911520451,0.012962860069048426,1.1599874534031547
5,0.39759693005382085,0.34722937236231666,-0.050367557691504194,0.8733200538427544
