exposure,beta_total,beta_direct,beta_indirect_approx,pct_mediated_approx
NO2_5y_z,-0.005025990529823837,-0.008391888959595868,0.0033658984297720313,-0.6696985220722267
