exposure,beta_total,beta_direct,beta_indirect_approx,pct_mediated_approx
NO2_5y_z,-0.005025990529823837,-0.008391888959565653,0.003365898429741816,-0.6696985220662149
