traj_cluster_ra,low,high,risk_diff,risk_ratio
1,0.1271107077918889,0.07775619571126144,-0.049354512080627466,0.6117202638708237
2,0.2126723979359847,0.22479437645148861,0.012121978515503923,1.056998362895935
3,0.5019375116924838,0.5688251923634798,0.06688768067099604,1.1332589796794772
4,0.4062796573123547,0.45485816281481334,0.048578505502458624,1.119569130839132
5,0.08252215363857593,0.06415527892684948,-0.018366874711726447,0.7774309818407279
