traj_cluster_ra,low,high,risk_diff,risk_ratio
1,0.12365896477234475,0.07218759830011474,-0.05147136647223001,0.583763566458862
2,0.25886700888006703,0.17926549429289637,-0.07960151458717066,0.6925003501545073
3,0.537000273627283,0.5388769798740625,0.0018767062467794915,1.0034947956992701
4,0.4346004896655147,0.42198272821565846,-0.012617761449856213,0.9709669874979494
5,0.090146189930783,0.05189399889518705,-0.03825219103559594,0.5756649164544043
