exposure,beta_total,beta_direct,beta_indirect_approx,pct_mediated_approx
NO2_5y_z,0.022542253784630296,0.051401682806901904,-0.028859429022271607,-1.2802370738079647
