exposure,beta_total,beta_direct,beta_indirect_approx,pct_mediated_approx
NO2_5y_z,0.022542253784630296,0.0514016828066248,-0.028859429021994502,-1.2802370737956719
