traj_cluster_ra,low,high,risk_diff,risk_ratio
1,0.01755067395897438,0.009220767314824683,-0.008329906644149695,0.525379671252438
2,0.18566146717877768,0.11690757611249109,-0.0687538910662866,0.6296814190308972
3,0.029853645019357833,0.01904251421677454,-0.010811130802583294,0.6378622846364961
4,0.02453397125926711,0.016721881731767824,-0.007812089527499285,0.6815807174083789
5,0.08787836931218189,0.04779915731552868,-0.04007921199665321,0.5439240360244447
