exposure,beta_total,beta_direct,beta_indirect_approx,pct_mediated_approx
NO2_5y_z,0.1243740720968667,0.20255878533841784,-0.07818471324155114,-0.6286254998602785
