traj_cluster_ra,low,high,risk_diff,risk_ratio
1,0.042233157109539066,0.0233261162219419,-0.018907040887597166,0.552317605843237
2,0.07592248680051548,0.06866844860097414,-0.007254038199541346,0.9044546812777464
3,0.43311601915539927,0.18744331495745634,-0.24567270419794293,0.4327785320039222
4,0.5834499586325157,0.2538243407810233,-0.3296256178514924,0.43504046409727115
