traj_cluster_ra,low,high,risk_diff,risk_ratio
1,0.0204505910211527,0.05119187087377743,0.03074127985262473,2.503197624989324
2,0.03887253033269645,0.16477662658253017,0.12590409624983373,4.2388963407389335
3,0.22408322843195339,0.3705745511521603,0.14649132272020693,1.6537362199986845
4,0.4121567869620828,0.3447397401976065,-0.0674170467644763,0.8364286385737026
