exposure,beta_total,beta_direct,beta_indirect_approx,pct_mediated_approx
NO2_5y_z,0.30613606715269287,0.34074978571023706,-0.03461371855754419,-0.11306645074355043
