traj_cluster_ra,low,high,risk_diff,risk_ratio
1,0.04857199367665167,0.04179296671013181,-0.006779026966519865,0.860433421538171
2,0.1449314577850283,0.07693341681020782,-0.06799804097482048,0.5308262125143351
3,0.21919635551242114,0.23747807731036683,0.018281721797945683,1.0834034021925594
4,0.4763302138168593,0.3752896428153064,-0.10104057100155289,0.7878770481680987
