exposure,beta_total,beta_direct,beta_indirect_approx,pct_mediated_approx
NO2_5y_z,0.2827330479527481,0.17424391113458476,0.10848913681816336,0.38371579694601055
