exposure,beta_total,beta_direct,beta_indirect_approx,pct_mediated_approx
NO2_5y_z,0.2827330479527481,0.17424391113593943,0.10848913681680869,0.3837157969412192
