traj_cluster_ra,low,high,risk_diff,risk_ratio
1,0.4045858393407683,0.4237076547824219,0.01912181544165359,1.0472626908366607
2,0.17213398547072892,0.14686306836547022,-0.025270917105258695,0.8531904258409448
3,0.12254836792456547,0.12681110209818622,0.004262734173620747,1.0347840958293681
4,0.43321132628532183,0.42688717131730075,-0.0063241549680210785,0.9854016860033437
5,0.23889267961419988,0.24813697464884465,0.009244295034644773,1.0386964349413044
