traj_cluster_ra,low,high,risk_diff,risk_ratio
1,0.4252289065077793,0.4023298793331455,-0.022899027174633768,0.9461489404314172
2,0.16984829058435807,0.15070519200538574,-0.01914309857897234,0.8872929570670917
3,0.131973969705503,0.1173015023724222,-0.014672467333080808,0.8888230204348472
4,0.4415075351232096,0.41864387596361313,-0.022863659159596483,0.9482145663647258
5,0.254876458159319,0.23349970826140745,-0.021376749897911523,0.9161289745930584
