exposure,beta_total,beta_direct,beta_indirect_approx,pct_mediated_approx
NO2_5y_z,0.013487466098328786,-0.008242686672116976,0.021730152770445762,1.6111367852215261
