traj_cluster_ra,low,high,risk_diff,risk_ratio
1,0.06280082272621479,0.04268341081777153,-0.02011741190844326,0.6796632426911551
2,0.21162169698306468,0.1562361695000851,-0.05538552748297959,0.7382804869605979
3,0.6718584352788999,0.3939046870026564,-0.2779537482762435,0.5862911981437575
4,0.62694567406321,0.4303166899915852,-0.19662898407162482,0.6863699803568621
