exposure,beta_total,beta_direct,beta_indirect_approx,pct_mediated_approx
NO2_5y_z,0.3809975593946188,0.2952768491738802,0.08572071022073863,0.22499018197634507
