exposure,beta_total,beta_direct,beta_indirect_approx,pct_mediated_approx
NO2_5y_z,0.3809975593946188,0.29527684917407476,0.08572071022054406,0.2249901819758344
