traj_cluster_ra,low,high,risk_diff,risk_ratio
1,0.49568009212400105,0.3721058931435475,-0.12357419898045358,0.7506976758922571
2,0.40837535220177906,0.2934802653094091,-0.11489508689236994,0.7186532285239388
3,0.1359062296183842,0.08391897763304154,-0.05198725198534265,0.6174770492028256
4,0.07549173049560629,0.061561259105495036,-0.013930471390111249,0.8154702336447034
5,0.3522429077192348,0.22962304067280148,-0.1226198670464333,0.6518883294474421
