variable_x,variable_y,estimate
pm25_5y,sofa_total,0.018589568850209504
no2_5y,sofa_total,-0.0012984566247176087
