exposure,beta_total,beta_direct,beta_indirect_approx,pct_mediated_approx
NO2_5y_z,-0.23555255756470153,-0.24445395969525524,0.00890140213055371,-0.03778945226739334
