exposure,beta_total,beta_direct,beta_indirect_approx,pct_mediated_approx
NO2_5y_z,-0.23555255756470153,-0.2444539596932797,0.008901402128578179,-0.03778945225900654
