traj_cluster_ra,low,high,risk_diff,risk_ratio
1,0.013784589483532773,0.0372657935923024,0.023481204108769627,2.7034387666618973
2,0.10302596753974647,0.09518168142287341,-0.007844286116873059,0.9238610778991538
3,0.6761288163030298,0.47665600608822783,-0.19947281021480195,0.7049780967693565
4,0.4070920458988511,0.4066809897661461,-4.110561327050344e-4,0.9989902624311968
