traj_cluster_ra,low,high,risk_diff,risk_ratio
1,0.02074877293868906,0.03192504194728884,0.01117626900859978,1.538647227073367
2,0.0973501710101642,0.10107210455331264,0.0037219335431484396,1.03823242943004
3,0.44444691253404595,0.6534728025125719,0.20902588997852595,1.470305640749645
4,0.39081107654364994,0.4470825440403795,0.056271467496729566,1.1439863680282474
