exposure,beta_total,beta_direct,beta_indirect_approx,pct_mediated_approx
NO2_5y_z,0.43927906474994854,0.14962481238606706,0.2896542523638815,0.6593855150569531
