traj_cluster_ra,low,high,risk_diff,risk_ratio
1,0.3122122676595915,0.4197735049876613,0.10756123732806983,1.3445131677059694
2,0.35841642784048355,0.30637094146968463,-0.05204548637079892,0.854790455101678
3,0.13742771478011492,0.1614492056459113,0.024021490865796385,1.174793642637738
4,0.05454325413102489,0.10228608117882562,0.04774282704780073,1.8753204737860334
5,0.5233400822724373,0.4460449238020636,-0.07729515847037371,0.8523041496559098
