variable_x,variable_y,estimate
pm25_5y,sofa_total,0.017955834529623377
no2_5y,sofa_total,0.003594082974274258
