exposure,beta_total,beta_direct,beta_indirect_approx,pct_mediated_approx
NO2_5y_z,0.04583264146696991,0.08245124495612816,-0.03661860348915825,-0.7989634094196401
