traj_cluster_ra,low,high,risk_diff,risk_ratio
1,0.07545699142328965,0.08913499461143917,0.013678003188149518,1.1812688649540808
2,0.2419939046985116,0.2234959054681686,-0.018497999230342982,0.9235600613437402
3,0.4143688098323634,0.4248587712203042,0.010489961387940783,1.0253155187818905
4,0.6063546865582145,0.6068904349108717,5.357483526572393e-4,1.000883556051489
