traj_cluster_ra,low,high,risk_diff,risk_ratio
1,0.07811947606468675,0.08784839729279775,0.009728921228111004,1.1245389974205022
2,0.22670488028914276,0.2403911554424247,0.01368627515328194,1.0603704478519662
3,0.39356743715731396,0.44760365467905927,0.05403621752174531,1.137298496826978
4,0.6265709628728613,0.5902523189941248,-0.03631864387873651,0.9420358650004884
