exposure,beta_total,beta_direct,beta_indirect_approx,pct_mediated_approx
NO2_5y_z,0.10753035112760435,0.04116660485979801,0.06636374626780633,0.6171629272283661
