exposure,beta_total,beta_direct,beta_indirect_approx,pct_mediated_approx
NO2_5y_z,0.074496572658021315,0.038228654228020624,0.03626791843000069,0.48684009392606054
