pooled_cluster,pooled_cluster_label,phenotype_label_short,n_sites,n_patients,sofa_total_mean,sofa_resp_mean,sofa_cv_mean,sofa_renal_mean,sofa_liver_mean,sofa_coag_mean,sofa_cns_mean,mean_gcs,median_gcs_proxy,pct_gcs_lt8,pct_gcs_lt13
1,Cluster 1: Room air / No ARF,Room air / No ARF,9,17262,4.503070327887846,1.2282470165681845,0.9073108562159657,0.7960838836751245,0.17130112385586835,0.3576063028617773,1.0425211447109257,13.513002085660549,14.848684972772563,0.05640448805121948,0.1979483005785
2,Cluster 2: Low-flow oxygen / No ARF,Low-flow O2 / No ARF,9,23361,4.830443902230213,1.4996361457129403,1.0066777963272122,0.849963614571294,0.22023885963785797,0.42622319250032087,0.8277042934805875,13.713284809266193,14.972732331663885,0.04712204437096685,0.17332768397853052
3,Cluster 3: Noninvasive ventilation / No ARF,NIV / No ARF,9,11475,5.1480610021786495,2.4179520697167756,0.8076688453159047,0.7362962962962958,0.16949891067538117,0.3829193899782137,0.6337254901960784,12.832578713075792,14.970196078431373,0.12725929378579587,0.26001198372271445
4,Cluster 4: Invasive ventilation / Predominantly no ARF,IMV / Predom. no ARF,9,19824,10.341959241323648,2.7630649717514126,2.3650121065375305,1.0439366424535914,0.3983555286521389,0.6335754640839387,3.138014527845036,9.705863289860615,10.115566989507668,0.314128960958287,0.7025114092529289
5,Cluster 5: Invasive ventilation / Hypoxemic or mixed ARF,IMV / Hypoxemic/mixed ARF,9,14620,11.15642954856361,3.296032831737346,2.5761969904240765,1.1265389876880985,0.47147742818057475,0.6768125854993161,3.0093707250341994,9.963069745836378,10.456019151846785,0.3003759482283001,0.6489451969935257
