variable_x,variable_y,mean_correlation,median_correlation,n_sites
NO₂,sofa_total,-0.03505922338511607,-0.019771299154205803,9
PM₂.₅,sofa_total,0.009517594086693188,0.0015620732157542298,9
