traj_cluster_ra,low,high,risk_diff,risk_ratio
1,0.08363648655168934,0.03290960057386492,-0.050726885977824425,0.39348377640811105
2,0.20772798804825648,0.10650510091676992,-0.10122288713148657,0.5127142563573481
3,0.4133347116382269,0.4263195744213387,0.012984862783111839,1.031414885847954
4,0.49358065552290303,0.5219062807864773,0.02832562526357424,1.0573880376927776
