exposure,beta_total,beta_direct,beta_indirect_approx,pct_mediated_approx
NO2_5y_z,-0.1784507240356459,-0.21934314413630485,0.04089242010065894,-0.22915244710629804
