exposure,beta_total,beta_direct,beta_indirect_approx,pct_mediated_approx
NO2_5y_z,-0.1784507240356459,-0.2193431441362297,0.040892420100583804,-0.229152447105877
